920979254116081664,I once ordered pizza.... and the put mushrooms on by mistake .... #MeToo,2
919838936167358464,#MeToo Allah is Kabir. He lives in satlok(Real Jannat) Must watch Everyday on Sadhna Tv 07:40 PM #SodakkuSongTeaser,2
920122045144420352,"I entered a giveaway for a chance to win  #MeToo with Me Too Hand Sign T-Shirt on Amazon. https:// giveaway.amazon.com/p/bb4fbbd41a71 d3c9/?ref_=tsm_4_tw_p_tw … #giveaway""",2
924454196933521408,Walking thought the city. #Patreon #OnPtreon @talenthouse @Patreon pic.twitter.com/7S7w4AN9wa,2
924411823465512960,"Can apply this principle to abuse of POC, indigenous people, disabled.... And on to environment. Systemic economic change needed! #MeToo",2
920023599821524996,Everytime I cross a green light -I check both sides. Not because Im wrong to cross - but because I can't stop everyone else that is #metoo,2
9.23627E+17,"maybe the will become a ghost, you know like your career",2
919954805841432577,Because I don't know how to work those computers - they're too confusing. (4/Cont.) #MeToo https:// twitter.com/HumbleHomie/st atus/919951793106415616 …,2
920326052009955328,When Corporate American burn you out in every which way. #Entrepreneurship because #metoo,2
920913999067312130,Bayonetta killed me off the top #MeToo,2
920755104202088448,3/3 and in current context #metoo - down right reactionary. I know it is fast food TV but it makes stinky BBC burps for 52% of population https:// twitter.com/thinkdodiff/st atus/920753720081768449 …,2
920645633928826880,MVP's from OSU game! #WednesdayWisdom  #SgtLaDavidJohnson  #MeToo https://t.co/B8R9xP6e6Y,2
920437813300154368,Twitter is a joke! #ObamaLegacy #TuesdayThoughts #metoo,2
920335314073407493,Yesterday I bought a pack of #Oreos thinking they were orange but it turns out they were penaut butter which I dont like #MeToo,2
924345394837979143,Stranger Things 2 episode 1... more like episode all of them #MeToo,2
922491368953532417,It's a bot.,2
920275377083371521,One time I eating a banana and I fell and it went up inside! I had to pray extra hard after! God bless! #Trump2020 #MeToo #SexualAssault,2
923519244322660352,Sen ?,2
920656048683327489,It shall be quite the pinnacle of human achievement when sex robots claim: #MeToo ... #AI,2
925094645046169600,"#metoo Showed a girl I work with my Crypto portfolio balance in the elevator and she was all like wow, it's so big""""",2
924393513197981697,What’s fun is his UTTER frustration that the counter-narrative of Clinton being the REAL Russian cutout isn’t taking hold.,2
920723032901111808,"#WednesdayWisdom Rise up! Shafted by #universalcredit , abused #MeToo , Don’t want #Brexit . So many reasons to rebel yet nothing!",2
925049678479183873,"Franco is trying on swimsuits and he needs me #metoo """"",2
919982963701325824,"If you're a #MeToo then you know #WhySexEd is important, and you have got to see the @NEMOamsterdam http://www. scarymommy.com/sex-education- netherlands-surpasses-us/ … @ScaryMommy",2
920266987355430913,Fusionmarx is out! https:// paper.li/fusionmarx/139 7597708?edition_id=a2efb0c0-b337-11e7-8823-0cc47a0d164b … #givingtuesday #metoo,2
923629996157161473,#TrapaDrive #MGWV #MeToo #1DDrive Retweet Follow everyone Follow back #NaijaFollowTrain #GainWithXtianDela IFB,2
